,species,paragraph,page_id,Volumen,Año,Fuente,IdFuente,Institución,Idioma,Derechos,Copyright
0,Transandinomys talamancae,"bootstrap replicates. For the Oecomys analysis, we used exemplar sequences from GenBank of Euryoryzomys russatus (ON160918), Hylaeamys megacephalus (KP778447), Nephelomys devius (MN547729), and Transandinomys talamancae (KP778202) as outgroups (to test generic monophyly), and we rooted the tree on Sigmodon hispidus (EU073178). For the Proechimys analysis-for which we judged generic monophyly to be nonproblematic based on numerous previous analyses of echimyid relationships (but see Dalapicolla et al., 2024)-we used an exemplar sequence of Hoplomys gymnurus (KU892779) for rooting. GenBank accession numbers for the ingroup sequences we analyzed for this report are provided in appendices 3 and 4.",63533042,466,2024,Internet Archive,mammaliandivers466voss,American Museum of Natural History Library,English,http://biodiversitylibrary.org/permissions,In copyright. Digitized with the permission of the rights holder.
1,Transandinomys talamancae,"RECORDED MONOLOGsS: From May to July of 1998 we elicited monologs about the natural history of local mammals from hunters at four Peruvian Matses villages, and we recorded these interviews on digital minidisk. All monologs were recorded in the Matses language. To elicit these texts, informants were asked to talk about a single mammalian folk taxon (e.g., kaksi the pygmy squirrel ), which was mentioned only once by the interviewer (D.W.F.). Informants were asked to say as much as they liked about any topic relating to the taxon in question (see Voss and Fleck, 2017: appendix 1 for a free English translation of a recorded monolog about armadillos). Each informant s monologs were recorded with no other adults present to achieve independence of response. For each taxon, the interview was replicated a total of seven or eight times with different informants. These recordings were subsequently transcribed and translated by D.W.E and literate Matses assistants. The texts were then checked with speakers other than the narrators to obtain second opinions on the validity of some of the less commonly asserted natural history details.",63533042,466,2024,Internet Archive,mammaliandivers466voss,American Museum of Natural History Library,English,http://biodiversitylibrary.org/permissions,In copyright. Digitized with the permission of the rights holder.
2,Transandinomys talamancae,"social behavior, vocalizations, daily activities, and food), and then combined to obtain composite essays for each taxon. These essays, which are presented under the heading Matses natural history in the accounts that follow, are supplemented by parenthetical editorial comments only as necessary to interpret otherwise obscure passages or to identify botanical taxa corresponding to Matses plant names. To provide a more complete ethnographic picture, topics concerning Matses nomenclature, classification, hunting strategies, and cultural significance-summarized under the heading Ethnobiology in each species account-were elaborated using data from additional sources, including interviewstyle question-and-answer sessions.",63533042,466,2024,Internet Archive,mammaliandivers466voss,American Museum of Natural History Library,English,http://biodiversitylibrary.org/permissions,In copyright. Digitized with the permission of the rights holder.
3,Transandinomys talamancae,"PLANT IDENTIFICATIONS: Most of the plants mentioned by the Matses in their monologs were identified by various means. Palms were collected by D.W.E in 1998 and 1999 from the area surrounding Nuevo San Juan with the help of Matses assistants, who named the palms while in the forest (before plant specimens were collected). Palm specimens were subsequently identified using published identification guides (Henderson, 1994; Henderson et al., 1995), and voucher material was deposited at the herbarium of the Museo de Historia Natural de la Universidad Nacional Mayor de San Marcos (Lima) and in the New York Botanical Garden (New York). Other plants, particularly dicotyledonous trees, were identified by D.W.F and two Matses assistants at the arboretum of the Instituto de Investigaciones de la Amazonia Peruana. This arboretum is maintained at the Centro de Investigaciones Jenaro Herrera, a forestry research station located about 80 km NW of Nuevo San Juan, where Swiss botanists had previously identified all trees 10 cm at breast height (Spichiger et al., 1989, 1990). Plants and trees in the proximity of Nuevo San Juan were also identified by D.WE. using identification keys in Gentry (1993).",63533042,466,2024,Internet Archive,mammaliandivers466voss,American Museum of Natural History Library,English,http://biodiversitylibrary.org/permissions,In copyright. Digitized with the permission of the rights holder.
4,Transandinomys talamancae,"FIG. 7. Semideciduous forest understory near Quebrada El Faical, Tumbes department, Peru, habitat of Marmosa perplexa (photo by Elizabeth Escobar). (e.g., fig. 7), additional indications of highly seasonal rainfall at this locality. Two specimens of Marmosa perplexa were captured in the kitchen of the biological station at El Faical, but two others were captured in the forest: one on the ground and another about 1 m above the ground on a tree branch; Transandinomys talamancae and Proechimys decumanus were taken in the same traplines that captured M. perplexa at this locality (V. Pacheco, personal commun.). In summary, Marmosa perplexa appears to occur in a range of forest types in southwestern Ecuador and northwestern Peru. Based on the presence of tree ferns at Punta Santa Ana, the vegetation at the type locality was probably evergreen forest, and descriptions of similar sites in the immediate area (e.g., Robbins and Ridgley, 1990; Torres-Porras et al., 2017) suggest that this humid premontane vegetation is sustained by daily moisture from enveloping clouds. In the adjacent lowlands, M. perplexa seems to occur at drier sites where the forest is at least partially leafless in the dry season. Whether evergreen or semideciduous, however, the forests of southwestern Ecuador and northwestern Peru are among the most endangered habitats in the western hemisphere, and their endemic biotas are a focus of urgent conservation concern (Parker et al., 1995; Linares-Palomino et al., 2010; Ferrer-Paris et al., 2018; Rivas et al., 2020). SPECIMENS EXAMINED (N 10): Ecuador-El Oro, Pitas (AMNH 61382, 61391); Loja, Guainche (AMNH 61390), 12 km E by road Portovelo (USNM 513425), Punta Santa Ana (AMNH 47188). Peru-Cajamarca, Cerro La Viuda (UMMZ 176563); Tumbes, Quebrada Faical (MUSM 24483-24486).",60784447,,,Internet Archive,revisiondidelph00vossa,American Museum of Natural History Library,English,http://biodiversitylibrary.org/permissions,In copyright. Digitized with the permission of the rights holder.
5,Transandinomys talamancae,"16 AMERICAN MUSEUM NOVITATES NO. 3969 In general, the coastal lowlands are subject to the desiccating effect of the cold Humboldt Current, but a narrow strip of humid forest occurs along the foothills of the Andes, and condensation from nocturnal fogs can sustain patches of humid vegetation in otherwise arid landscapes (Chapman, 1926). Site descriptions are therefore crucial for understanding the habitat affinities of species in this region. According to Chapman (1926: 716), the AMNH expeditionary camp at Punta Santa Anathe type locality of Marmosa perplexa-was in a heavy stand of fine forest in a well-watered headwater valley of the Rio Tumbes, but the surrounding district is arid and desolate. A typed itinerary of Anthony s 1921 fieldwork in Ecuador provides more information. Punta Santa Ana is a high divide between two tributaries of the Rio Tumbez, and our camp was at an elevation of 3650 feet in a splendid body of large timber. This forest was extremely local, not more than three or four miles wide at the southern end and extending as a long tongue down a valley ... Probably the greater part of this region is in the humid tropical zone, reaching into the subtropics, but immediately to the west, south, and east lie great areas of the arid tropical so that, in a sense, it is an oasis of life in a great barren section. Anthony s handwritten fieldnotes describe the local vegetation as including large trees (among which figs, presumably Ficus spp., were very common), small tree ferns, and cane (probably dwarf bamboo, Chusquea sp. ). Mammals collected at this locality (in addition to M. perplexa) included such humid-forest taxa as Alouatta palliata, Cebus albifrons, Potos flavus, Melanomys caliginosus, and Transandinomys talamancae. Only the most cursory habitat descriptions are available for other sites at which Marmosa perplexa has been collected in Ecuador, but G.H.H. Tate's fieldnotes for 1921 indicate that humid tropical forest (or remnants of such vegetation) were present at Pinas (in El Oro province) and Guainche (in Loja). However, the habitat near Portovelo (in El Oro) may have been less humid, because dry-forest rodent species such as Aegialomys xanthaeolus (e.g., USNM 513559, 513560) were collected in sympatry with M. perplexa at this locality. The vegetation surrounding Quebrada Faical in the Parque Nacional Cerros de Amotepe of northwestern Peru has been described as dry deciduous forest (Wiedenfeld et al., 1985: 305), semi-deciduous forest (Parker et al., 1995: 202), or transitional between Equatorial Dry Forest and Pacific Tropical Rainforest (Pacheco et al., 2007). According to Wiedenfeld et al. (1985), most of the trees had lost or were losing their leaves when researchers visited this site early in the dry season, but a photograph of the local habitat (presumably taken at the same time; Wiedenfeld et al., 1985: fig. 2) shows many still-leafy trees. The forest canopy is said to be about 20 m high, with such characteristic tree species as Triplaris cumingiana (Polygonaceae), Cavanillesia platanifolia (Malvaceae), Ficus jacobii (Moraceae), Ceiba trichastandra (Malvaceae), Muntingia calabura (Muntingiaceae), Tessaria integrifolia (Asteraceae), and Mimosa pellita (Fabaceae) (Pacheco et al., 2007). Palms and giant herbs are conspicuously absent from photographs of the forest interior These and other unpublished sources cited in the next paragraph are preserved in the AMNH Department of Mammalogy archives.",60784448,,,Internet Archive,revisiondidelph00vossa,American Museum of Natural History Library,English,http://biodiversitylibrary.org/permissions,In copyright. Digitized with the permission of the rights holder.
6,Transandinomys talamancae,"6 Occasional Papers, Museum of Texas Tech University Table 1. (cont.) Species Cytochrome b IRBP Paynomys macronyx U03533 AY277441 Pennatomys nivalis LN810055 n a Peromyscus leucopus EF989979 EF989880 Phaenomys ferrugineus KM065876 KM065877 Phodopus sungorus AJ973390 KC953439 Phyllotis xanthopygus U86833 AY163632 Podoxymys roraimae KM816650 KM816650 Pseudoryzomys simplex GUI 26547 AY 163633 Punomys kofordi JQ434426 JQ434414 Reithrodon auritus EU579474 AY163634 Reithrodontomys fulvescens EF990003 EF989904 Rhagomys longilingua KX423691 DQ003723 Rheomys sp. KJ921706 KC953451 Rhipidomys macconnelli AY275130 AY277474 Salinomys delicatus EU377608 JQ434415 Scapteromys tumidus AY275133 AY277477 Scolomys ucayalensis EU579518 AY163638 Scotinomys teguina AF108705 AY277415 Sigmodon hispidus AF425227 AY277479 Sigmodontomys alfari EU074635 AY 163641 Sooretamys angouya GUI 26534 KC953456 Tanyuromys aphrastus JF693877 JF693878 Tapecomys wolffsohni U86834 KC953460 Thalpomys cerradensis AY273916 AY277480 Thaptomys nigrita AF 108666 AY277482 Thomasomys aureus U03540 AY277483 Transandinomys talamancae GUI 26544 KC953465 Tylomys nudicaudus DQ179812 AY 163643 Wiedomys pyrrhorhinos EU579477 AY277485 Wilfredomys oenax KJ663726 KJ663727 Zygodontomys brevicauda GUI 26549 AY 163645 were visualized using an Olympus BX51 microscope; ten good-quality spreads were scanned and counted. Images were photographed using an Applied Imaging Systems (San Jose, California). Morphological data .-We follow a polythetic approach (Mayr and Ashlock 1991) to identify mor phological features useful to characterize the new tribe; by the very nature of this approach, some combination of characters, some likely plesiomorphic and some",57786035,338,2016,Internet Archive,descriptionnewt338sala,Museum of Texas Tech University,English,http://biodiversitylibrary.org/permissions,In copyright. Digitized with the permission of the rights holder.
7,Transandinomys talamancae,77 0.73 Scolomys ucayalensis A Zygodontomys brevicauda Zygodontomys cherriei Euryoryzomys lamia Euryoryzomys russatus Euryoryzomys macconnelli Transandinomys talamancae Oecomys bicolor Oecomys concolor Oecomys mamorae Oecomys trinitatis Oecomys catherinae 84 1.0 Hylaeamys megacephalus Hylaeamys yunganus Nephelomys albigularis Handleyomys alfaroi 63 0.79 Handleyomys rostratus Handleyomys intectus Nephelomys levipes Microryzomys minutus 78 1.0 Oreoryzomys balneator Neacomys minutus Neacomys musseri 70 1.0 Neacomys spinosus 90 1.0 Oligoryzomys flavescens Oligoryzomys nigripes Oligoryzomys stramineus,64283742,303,2013,Virtual Item,vi210914v303201320250323010419,Pensoft Publishers,English,https://biodiversitylibrary.org/permissions,In copyright. Digitized with the permission of the rights holder.
8,Transandinomys talamancae,Oligoryzomys fornesi Aegialomys xanthaeolus 2n 56 Melanomys caliginosus 2n 56 Sigmodontomys alfari 2n 56 85 0.8 Tanyuromys aphrastus 2n ? Nesoryzomys narboroughi 2n 32 Nesoryzomys swarthi 2n ? Oryzomys couesi 2n 56 Oryzomys palustris 2n 56 60 0.97 Amphinectomys savamis 2n 52 -Nectomys apicalis 2n 40 Nectomys squamipes 2n 56,64283742,303,2013,Virtual Item,vi210914v303201320250323010419,Pensoft Publishers,English,https://biodiversitylibrary.org/permissions,In copyright. Digitized with the permission of the rights holder.
9,Transandinomys talamancae,"Figure 2. Maximum likelihood tree of combined molecular datasets cytochrome b (Cyt 8), interphotoreceptor retinoid binding protein (IRBP) using Santa Virginia specimens (UFES2271, UFES2272). Bootstrap nodal support indices and Bayesian posterior probabilities are shown above the branches, respectively. Outgroups include Peromyscus maniculatus (Neotominae); Nyctomys sumichrasti (Tylomyinae), Delomys sublineatus (Sigmodontinae), Thomasomys baeops (Sigmodontinae), and Wiedomys pyrrhorhinos (Sigmodontinae). Available diploid numbers (2n) of clade D are indicated (for details see Table 1), although the lowest diploid number (Nectomys palmipes, 2n 16, Barros et al. 1992) does not appear in the figure.",64283742,303,2013,Virtual Item,vi210914v303201320250323010419,Pensoft Publishers,English,https://biodiversitylibrary.org/permissions,In copyright. Digitized with the permission of the rights holder.
10,Transandinomys talamancae,"Identification. Dorsum fur grayish with reddish yellow hair tips . Ventral coat grayish white. Tail uniformly pale brown. Legs white, with a brownish appearance on the metacarpals and metatarsals. Skull with moderately broad orbital region. Inflated auditory bulla. Zygomatic arches converge anteriorly. Incisive foramina long and narrow, extending slightly between the anterocones of the first upper molars.",64171121,72,2023,Internet Archive,bonnzoologicalbv72izoola,Smithsonian Libraries and Archives,English,https://biodiversitylibrary.org/permissions,In copyright. Digitized with the permission of the rights holder.
11,Transandinomys talamancae,"Identification. Dorsal fur short (8-10 mm) and thick, orange-brown . Ventral coat whitish but with gray base. Tail slender and bicolored, dark above and whitish below. Tail equal to or slightly longer (119325 mm) than the length of the head-body (120-132 mm), bare in appearance but finely covered with small hairs. Cranium has narrow interorbitals and poorly developed supraorbital ridges, short incisive foramina. Zygomatic plate wide and excavated. Deep zygomatic notch.",64171121,72,2023,Internet Archive,bonnzoologicalbv72izoola,Smithsonian Libraries and Archives,English,https://biodiversitylibrary.org/permissions,In copyright. Digitized with the permission of the rights holder.
12,Transandinomys talamancae,"Identification. Length of head and body 276 mm and the length of the tail (205 mm). Length of hind legs 65 mm: length of ears 25 mm; weight 450 g. Dorsal color dark reddish brown , splashed with black, and sides only slightly paler to contrast with uniformly white belly. Tail dark brown above and pale below. Tail lined with sparse, elongated hairs. Dorsal coat stiff to the touch. Spines long (21 mm), wide (0.9). Each aristiform ends in an elongated and filamentous tip. Skull large (greatest skull length 65.8 mm). Species uniquely characterized among spiny rats by their well-developed temporal ridges extending from supraorbital ledge across length of parietals.",64171121,72,2023,Internet Archive,bonnzoologicalbv72izoola,Smithsonian Libraries and Archives,English,https://biodiversitylibrary.org/permissions,In copyright. Digitized with the permission of the rights holder.
13,Transandinomys talamancae,"2006 WEKSLER ET AL.: TEN NEW ORYZOMYINE GENERA 21 nomys. The accessory root(s) that are usually present on ml in Nephelomys are apparently never developed in Transandinomys. Due to morphological variation among con generic taxa (as noted above in this account and below in the account that follows), con sistent differences between Nephelomys and Transandinomys are not apparent in any other characters that we have been able to score in all member species. However, the poten tially diagnostic value of preputial morpholo gy deserves future study. Among the material dissected by Voss and Linzey (1981), a single pair of large preputial glands was found in Transandinomys talamancae (represented by their Panamanian specimens of Oryzomys capito ), but no macroscopic preputial glands were detected in Nephelomys devius (repre sented by their specimens of Oryzomys albigularis ); unfortunately, no additional species from either genus were included in that study and none have been dissected by other investigators. Remarks: All of the taxa that we refer to Nephelomys were treated as synonyms or subspecies of Oryzomys albigularis by Hershkovitz (1944: 72) and Cabrera (1961: 380-383), but subsequent karyotypic and morphological research has shown that most of these are valid species (Gardner and Patton, 1976; Patton et al., 1990; Aguilera et al., 1995; Marquez et al., 2000; Percequillo, 2003). Of the characters that Weksler (2006) identified as unambiguous synapomorphies of O. albigularis O. levipes, only the divided anterocone of Ml seems to be exhibited consistently by other species of Nephelomys. Although no additional analytic results are currently available to support generic monophyly, we are not aware of any evidence that contradicts this hypothesis. Etymology: From nephele (Greek for clouds or mist), in reference to the cloudforest habitat of these montane species. Oreoryzomys, new genus Type Species: Oryzomys balneator Thomas, 1900. Contents: balneator Thomas, 1900 (in cluding hesperus Anthony, 1924). Distribution: In humid montane ( cloud ) forest on the Andean slopes of southern Ecuador and northern Peru. Morphological Diagnosis: Dorsal pelage dark olive-brown; ventral pelage abruptly paler (superficially whitish or yellowish), but ventral hairs mostly gray-based (a few specimens have irregular gular and or pectoral patches of selfwhitish fur). Pinnae small, not reaching eye when laid forward. Mystacial vibrissae extend ing posteriorly beyond caudal margins of pinnae when laid back against cheeks; super ciliary vibrissae shorter, not extending to caudal margins of pinnae when laid back. Pes with conspicuous tufts of long ungual hairs at bases of claws on dll-dV; plantar surface covered with distinct squamae distal to thenar pad; hypothenar pad present and distinct; claw of dl extends to middle of phalange 1 of dll; claw of dV extends to first interphalangeal joint of dIV. Tail unicolored (all-dark) or indistinctly bicolored basally, much longer than combined length of head and body. Skull with short, narrow rostrum flanked by shallow zygomatic notches; interorbital region hourglass shaped, with rounded supraorbital margins; braincase rounded and globose, without temporal, lambdoidal, or nuchal crests. Posterior margin of zygomatic plate usually anterior to Ml alveolus. Jugal absent (maxillary and squamosal zygomatic processes in contact). Nasals extending posteriorly beyond lacrimals; lacrimals small, equally sutured to maxillary and frontal bones. Frontosquamosal suture usually colinear with frontoparietal suture. Parietals with or with out small lateral expansions. Incisive foramina short, sometimes extending posteriorly to but not between Ml alveoli, and widest posteri orly (with anteriorly convergent lateral mar gins). Posterolateral palatal pits large and recessed in shallow fossae; mesopterygoid fossa extending anteriorly between maxillae but not between molar rows; bony roof of mesopterygoid fossa usually perforated by narrow sphenopalatine vacuities (the type of balneator has a completely ossified mesopter ygoid roof). Alisphenoid strut absent (bucci nator-masticatory foramen and accessory foramen ovale confluent). Stapedial foramen, squamosal-alisphenoid groove and spheno frontal foramen present ( carotid circulatory",59816725,,,Internet Archive,tennewgeneraory00weks,American Museum of Natural History Library,English,http://biodiversitylibrary.org/permissions,In copyright. Digitized with the permission of the rights holder.
14,Transandinomys talamancae,"Identification. Small, head-body length 107 mm. Hair smooth and long (9 mm). Back orange, with gray base. Belly white, contrasting with back . Tail not so long (125 mm) in comparison to head-body length (116 ), and with a small 6 mm brush at its tip. Skull with short rostrum, narrow interorbital with finely beaded supraorbital ledges . Temporal ridges weakly defined. Zygomatic plates narrow and dorsal notches shallow. Incisive foramina relatively short and wide, their posterior margins do not reach the anterior margin of the first molars. Alisphenoid strut present, and wide. Ectotympanic bulla small, exposing much of the medial periotic. Dentary with small incisor tubercle.",64171116,72,2023,Internet Archive,bonnzoologicalbv72izoola,Smithsonian Libraries and Archives,English,https://biodiversitylibrary.org/permissions,In copyright. Digitized with the permission of the rights holder.
15,Tanyuromys aphrastus,"Phylogenetic analyses (ML and Bayesian) recovered the four clades A, B, C, and D recovered by Weksler (2006) and Percequillo et al. (2011). In both phylogenetic reconstructions, Santa Virginia specimens were recovered with high statistical support in clade D, confirming their identity as D. albimaculatus (Fig. 2, grey area), and consistent with Percequillo et al. (2011). Our analyses also recovered D. albimaculatus as the sister species of Eremoryzomys polius and both species diverged early in the clade D .",64283743,303,2013,Virtual Item,vi210914v303201320250323010419,Pensoft Publishers,English,https://biodiversitylibrary.org/permissions,In copyright. Digitized with the permission of the rights holder.
16,Tanyuromys aphrastus,"The diploid number of D. albimaculatus corroborates the pattern found for the majority of the Oryzomyini species, in which karyotypes present relatively high chromosome number and predominantly acrocentric pairs. The typical heterochromatic pattern of sex chromosomes is also found in most of the oryzomyine species and it is an essential condition for the recognition of the Y .",64283743,303,2013,Virtual Item,vi210914v303201320250323010419,Pensoft Publishers,English,https://biodiversitylibrary.org/permissions,In copyright. Digitized with the permission of the rights holder.
17,Tanyuromys aphrastus,"The karyotype herein reported for D. albimaculatus is species-specific, since only three other Oryzomyini species present the same diploid number, but different FN: Oligoryzomys fornesi (2n 62, FN 64), Oligoryzomys delicatus (2n 62, FN 74 and 76), and Oligoryzomys nigripes (2n 62, FN 80, 81 and 82) (Gardner and Patton 1976; Weksler and Bonvicino 2005). Telomeric sequences at the pericentromeric region of D. albimaculatus sex chromosomes could be hypothesized as (i) similar to regular sequences of the centromeres, (ii) related to a amplification of (T,AG,) -like satellite DNA repeats, or (iii) resulted of a structural rearrangement. In fact, interstitial telomeric sequences are common in vertebrates (Meyne et al. 1990) and apparently are a structural component of mammalian satellite DNA (Garagna et al. 1997; Pagnozzi et al. 2000). Additionally, these sequences have been associated with chromosome rearrangements (Ruiz-Herrera et al. 2008; Bolzan 2012).",64283743,303,2013,Virtual Item,vi210914v303201320250323010419,Pensoft Publishers,English,https://biodiversitylibrary.org/permissions,In copyright. Digitized with the permission of the rights holder.
18,Tanyuromys aphrastus,"A compilation of karyological studies in representative species of clade D is presented in Table 1. Notably, cytogenetic data in Oryzomyini has increased considerably in the last decades, mainly because the karyotype has become a valid tool for identifying species of this group. Although several species still remain without karyotypic information (e.g., Eremoryzomys polius, Tanyuromys aphrastus, Nesoryzomys swarthy), the diploid number within clade D varies from 16 in Nectomys palmipes (Barros et al. 1992) to 62 in D. albimaculatus. As D. albimaculatus exhibited the highest diploid number reported hitherto and diverged early in clade D, karyotype evolution in this clade based on the phylogeny , apparently exhibits a trend toward a decrease in the diploid number. This hypothesis could imply chromosomal plasticity in low 2n ratios as suggested by Gardner and Patton (1976). In this sense, tandem fusions have perhaps played significant role in clade D, resulting in the lower diploid numbers. Robersonian rearrangements could have occurred in this group as well, since some species of clade",64283743,303,2013,Virtual Item,vi210914v303201320250323010419,Pensoft Publishers,English,https://biodiversitylibrary.org/permissions,In copyright. Digitized with the permission of the rights holder.
19,Tanyuromys aphrastus,77 0.73 Scolomys ucayalensis A Zygodontomys brevicauda Zygodontomys cherriei Euryoryzomys lamia Euryoryzomys russatus Euryoryzomys macconnelli Transandinomys talamancae Oecomys bicolor Oecomys concolor Oecomys mamorae Oecomys trinitatis Oecomys catherinae 84 1.0 Hylaeamys megacephalus Hylaeamys yunganus Nephelomys albigularis Handleyomys alfaroi 63 0.79 Handleyomys rostratus Handleyomys intectus Nephelomys levipes Microryzomys minutus 78 1.0 Oreoryzomys balneator Neacomys minutus Neacomys musseri 70 1.0 Neacomys spinosus 90 1.0 Oligoryzomys flavescens Oligoryzomys nigripes Oligoryzomys stramineus,64283742,303,2013,Virtual Item,vi210914v303201320250323010419,Pensoft Publishers,English,https://biodiversitylibrary.org/permissions,In copyright. Digitized with the permission of the rights holder.
20,Tanyuromys aphrastus,Oligoryzomys fornesi Aegialomys xanthaeolus 2n 56 Melanomys caliginosus 2n 56 Sigmodontomys alfari 2n 56 85 0.8 Tanyuromys aphrastus 2n ? Nesoryzomys narboroughi 2n 32 Nesoryzomys swarthi 2n ? Oryzomys couesi 2n 56 Oryzomys palustris 2n 56 60 0.97 Amphinectomys savamis 2n 52 -Nectomys apicalis 2n 40 Nectomys squamipes 2n 56,64283742,303,2013,Virtual Item,vi210914v303201320250323010419,Pensoft Publishers,English,https://biodiversitylibrary.org/permissions,In copyright. Digitized with the permission of the rights holder.
21,Tanyuromys aphrastus,"Figure 2. Maximum likelihood tree of combined molecular datasets cytochrome b (Cyt 8), interphotoreceptor retinoid binding protein (IRBP) using Santa Virginia specimens (UFES2271, UFES2272). Bootstrap nodal support indices and Bayesian posterior probabilities are shown above the branches, respectively. Outgroups include Peromyscus maniculatus (Neotominae); Nyctomys sumichrasti (Tylomyinae), Delomys sublineatus (Sigmodontinae), Thomasomys baeops (Sigmodontinae), and Wiedomys pyrrhorhinos (Sigmodontinae). Available diploid numbers (2n) of clade D are indicated (for details see Table 1), although the lowest diploid number (Nectomys palmipes, 2n 16, Barros et al. 1992) does not appear in the figure.",64283742,303,2013,Virtual Item,vi210914v303201320250323010419,Pensoft Publishers,English,https://biodiversitylibrary.org/permissions,In copyright. Digitized with the permission of the rights holder.
22,Tanyuromys aphrastus,"6 Occasional Papers, Museum of Texas Tech University Table 1. (cont.) Species Cytochrome b IRBP Paynomys macronyx U03533 AY277441 Pennatomys nivalis LN810055 n a Peromyscus leucopus EF989979 EF989880 Phaenomys ferrugineus KM065876 KM065877 Phodopus sungorus AJ973390 KC953439 Phyllotis xanthopygus U86833 AY163632 Podoxymys roraimae KM816650 KM816650 Pseudoryzomys simplex GUI 26547 AY 163633 Punomys kofordi JQ434426 JQ434414 Reithrodon auritus EU579474 AY163634 Reithrodontomys fulvescens EF990003 EF989904 Rhagomys longilingua KX423691 DQ003723 Rheomys sp. KJ921706 KC953451 Rhipidomys macconnelli AY275130 AY277474 Salinomys delicatus EU377608 JQ434415 Scapteromys tumidus AY275133 AY277477 Scolomys ucayalensis EU579518 AY163638 Scotinomys teguina AF108705 AY277415 Sigmodon hispidus AF425227 AY277479 Sigmodontomys alfari EU074635 AY 163641 Sooretamys angouya GUI 26534 KC953456 Tanyuromys aphrastus JF693877 JF693878 Tapecomys wolffsohni U86834 KC953460 Thalpomys cerradensis AY273916 AY277480 Thaptomys nigrita AF 108666 AY277482 Thomasomys aureus U03540 AY277483 Transandinomys talamancae GUI 26544 KC953465 Tylomys nudicaudus DQ179812 AY 163643 Wiedomys pyrrhorhinos EU579477 AY277485 Wilfredomys oenax KJ663726 KJ663727 Zygodontomys brevicauda GUI 26549 AY 163645 were visualized using an Olympus BX51 microscope; ten good-quality spreads were scanned and counted. Images were photographed using an Applied Imaging Systems (San Jose, California). Morphological data .-We follow a polythetic approach (Mayr and Ashlock 1991) to identify mor phological features useful to characterize the new tribe; by the very nature of this approach, some combination of characters, some likely plesiomorphic and some",57786035,338,2016,Internet Archive,descriptionnewt338sala,Museum of Texas Tech University,English,http://biodiversitylibrary.org/permissions,In copyright. Digitized with the permission of the rights holder.
23,Dermanura azteca,Apéndice 9. Lista de especies de mamíferos presentes en los pastizales. Orden Familia Subfamilia Género Especie Infraespecie Didelphimorphia Didelphidae Didelphinae Didelphis virginiana Subtotal 1 1 1 1 Soricomorpha Soricidae Soricinae Notiosorex crawfordi Sor ex arizonae Sor ex monticolus Subtotal 1 1 2 3 Chiroptera Emballonuridae Emballonurinae Balantiopteryx plicata Mormoopidae Mormoops megalophylla Pteronotus parnellii Phyllostomidae Macrotinae Macrotus californicus Desmodontinae Desmodus rotundus Phillostominae Choeronycteris mexicana Glossophaga soricina Leptonycteris nivalis Artibeus hirsutas Chiroderma salvini Dermanura azteca Dermanura tolteca Sturnira lilium Natalidae Natalus lanatus Natalus mexicanas Vespertilionidae Myotinae Myotis aurículas Myotis californicus Myotis fortidens Myotis melanorhinus Myotis ocultas Myotis thy sano des Myotis velifer Myotis volans Myotis yumanensis Vespertilioninae Corynorhinus mexicanus,49785002,,2014,Internet Archive,biodiversidaden00Bara,Comisión Nacional para el Conocimiento y Uso de la Biodiversidad (CONABIO),Spanish,https://biodiversitylibrary.org/permissions,In copyright. Digitized with the permission of the rights holder.
24,Dermanura azteca,"64 SPECIAL PUBLICATIONS MUSEUM TEXAS TECH UNIVERSITY Appendix V-New Binomial and Trinomial Combinations New binomial and trinomial combinations resulting from taxonomic changes proposed in text. Species and subspecies listed are those generally recognized at present. Inclusion is not intended to imply validity of the several taxa; rather, this list is presented simply for the purpose of providing the appropriate name combinations to facilitate subsequent work on these bats. The list is based on those in Jones and Carter (1976), Koopman (1978), and Anderson et al. (1982). Dermanura anderseni Dermanura azteca azteca Dermanura azteca major Dermanura azteca minor Dermanura cinerea bogotensis Dermanura cinerea cinerea Dermanura cinerea pumilia Dermanura cinerea solimoesi Dermanura concolor Dermanura glauca Dermanura hartii Dermanura phaeotis nana. Dermanura phaeotis palatina Dermanura phaeotis phaeotis Dermanura tolteca hespera Dermanura tolteca rava Dermanura tolteca tolteca Dermanura watsoni Vampyressa macconnelli flavescens Vampyressa macconnelli macconnelli",55010681,26,1987,Internet Archive,phylogeneticana26owen,Museum of Texas Tech University,English,http://biodiversitylibrary.org/permissions,In copyright. Digitized with the permission of the rights holder.
25,Dermanura azteca,Portada índice Anterior Siguiente Créditos I La biodiversidad en MICHOACÁN Estudio de Estado SUMA CONABIO UMSNH ANEXO 4.44 LISTADO DE ESPECIES DE MAMÍFEROS DEL ESTADO DE MICHOACÁN (FUENTE: UMSNH A ) ORDEN (9) FAMILIA (26) ESPECIE (160) NOMBRE COMÚN MARSUPIALIA (marsupiales) DIDELPHIDAE Didelphis virginiana Marmosa canescens tlacuache ratón tlacuache INSECTIVORA (musarañas) SORICIDAE Cryptotis goldmani Cryptotis parva Notiosorex crawfordi Notiosorex gigas Sorex oreopolus Sorex saussurei Sorex vagrans CHIROPTERA (murciélagos) EMBALLONURIDAE Saccopteryx bilineata Peropteryx macrotis Balantiopteryx plicata Diclidurus albus murciélago blanco NOCTILIONIDAE MORMOOPIDAE Noctilio leporinus Pteronotus davyi murciélago pescador Pteronotus parnellii Pteronotus personatus Mormoops megalophylla PHYLLOSTOMATIDAE Macrotus waterhousü Micronycteris microtis (megalotis) Micronycteris silvestris Anoura geofroyi Choeronyscus godmani Musonycteris harrisoni Choeronycteris mexicana Hylonycteris minor Glossophaga commissarisi Glossophaga leachii Glossophaga mexicana Glossophaga morenoi Glossophaga soricina Leptonycteris nivalis Leptonycteris curazoae (yerbabuenae ) Carollia subrufa Sturnira lilium Sturnira ludovici Uroderma magnirostrum Chiroderma salvini Dermanura azteca Dermanura phaeotis Dermanura tolteca Portada Indice Anterior Siguiente Créditos 1,50734775,Anexos (2005),2005,Internet Archive,LabiodiversidadAnexVill,Comisión Nacional para el Conocimiento y Uso de la Biodiversidad (CONABIO),Spanish,https://biodiversitylibrary.org/permissions,In copyright. Digitized with the permission of the rights holder.
26,Dermanura azteca,LA BIODIVERSIDAD EN AG UASCALI E NTES 164 Cuadro 3.18.1 (continuación) Especie Aprovechamiento Abundancia ALIM PIEL MEDI MASCO CINE RARA PC C A Orden Chiroptera Familia Emballonuridae Balantiopteryx plicata Familia Mormoopidae Mormoops megalophylla Familia Phyllostomidae Desmodus rotundas Choeronycteris mexicana Glossophaga soricina Leptonycteris curasoae L. nivalis Artibeus hirsutas Dermanura azteca Sturnira lilium Familia Vespertilionidae Idionycteris phyllotis Corynorhinus mexicanas C. townsendii Lasiurus borealis L. cinéreas L ega L. intermedias Myotis californicus M. thysanodes M. velifera M. yumanensis Familia Molossidae Tadarida brasiliensis Orden Carnívora Familia Canidae Canis latrans Urocyon cinereoargenteus Familia Felidae Lynx rufas Puma concolor Familia Mustelidae Mustela frenata Taxidea taxus Familia Mephitidae Mephitis macroura Conepatus leuconotus,50959833,,2008,Internet Archive,biodiversidaden00Avil,Comisión Nacional para el Conocimiento y Uso de la Biodiversidad (CONABIO),Spanish,https://biodiversitylibrary.org/permissions,In copyright. Digitized with the permission of the rights holder.
27,Dermanura azteca,"RAMfREZ-P, CASTRO-C, ARROYO-C, CERVANTES 23 TRIBU TRIBE STENODERMATINI Artibeiis hirsutiis Andersen, 1906 Artibeus intermedins . A. Alien, 1897 Artibeus intermedius intermedius J. A. Alien, 1897 Artibeus intermedius koopmnni Wiison, 1991 Artibeus jamaicensis Leach, 1821 Artibeusjamaicensispnulus Davis, 1970 Artibeus jamaicensis richfirdsoni J. A. Alien, 1908 Artibeus jamaicensis triomylus Handley, 1966 Artibeus jamaicensis yucatanicus J. A. Alien, 1904 A rtibeus litii (01 fe rs, 1818) Artibeus lituratuspalmarum J. A. Alien y Chapman, 1897 Carollia brcvicauda (Schinz, 1821) CaroUiaperspicillata (Linnaeus, 1758) Carollia perspicillata azteca Saussure, 1860 CaroUia subrufa (Hahn, 1905) Centiirio senex Cray, 1842 Centuria sen ex sen ex Cray, 1842 Chirodetona salvini Dobson, 1878 Chiroderma saliñni saliñni Dobson, 1878 Chiruderma saluini scüpaeum Handley, 1966 Chiroderma villosum Peters, 1860 Chiroderma iñllosum jesupi . A. Alien, 1900 Dermanura azteca (Andersen, 1906) Dermanura azteca azteca ( Andersen, 1906) Dermanura azteca minar ( Davis, 1969) Deimanuraphaeotis Millcr, 1902 Dermanura phaeotis nana (Andersen, 1906) Dermanura phaeotis palatina (Davis, 1970) Dermanura phaeotis phaeotis Mi 11er, 1902 Dermanura tolteca (Saussure, 1860) Dermanura tolteca héspera (Davis, 1969) Dermanura tolteca tolteca (Saussure, 1860) Dermanura watsoni (Thomas, 1901) Enchisthenes hartii (Thomas, 1892) Platyrrhinus helleri (Peters, 1866) Stumira Ulium (É. GeoíTroy St.' Hilaire, 1810) Stumira liliumparoidens Goldman, 1917 Stumira ludovici Anthony, 1924 Sturnira ludoiñci ludotñci Anthony, 1924 Stumira ludovici occidentalis Jones y Phillips, 1964",55106416,158,1996,Internet Archive,listataxonoymic158rami,Museum of Texas Tech University,Spanish,http://biodiversitylibrary.org/permissions,In copyright. Digitized with the permission of the rights holder.
28,Dermanura azteca,"216 Annals of Carnegie Museum VOL. 62 Table 1. Continued. Species Gua"" Bz'' ES ' Hon"" NicLeptonycteris curasoae (D) X X s Leptonycteris nivalis S Lonchophylla robusta N Anoura geojfroyi X X X X Lichonycteris obscura X N X X Hylonycteris underwoodi (E) X X X Choeroniscus godmani X X X X Choeronycteris mexicana X s Carollia brevicauda X X X X Carollia castanea N X Carollia perspiciliata X X X X X Carollia subrufa (E) X X X X Sturnira ludovici X X X X Sturnira lilium X X X X X Vampyressa macconnelli N Vampyressa nymphaea N Vampyressa pusilla X X X X Uroderma bilobatum X X X X X Uroderma magnirostrum X X X X Artibeus inopinatus (E,R) N X s Artibeus intermedins X X X X X Artibeus jamaicensis X X X X X Artibeus lituratus X X X X X Ectophylla alba (E) N X Platyrrhinus helleri X X X X X Vampyrodes caraccioli X X X X Chiroderma salvini X X X Chiroderma villosum X X X X X Dermanura azteca (E) X X X Dermanura phaeotis X X X X X Dermanura tolteca X X X X X Dermanura watsoni X X X X Enchisthenes hartii X X X Centurio senex X X X X X Desmodus rotundus X X X X X Diaemus youngi X X Diphylla ecaudata X X X X X Natalidae Natalus stramineus X X X X X Thyropteridae Thyroptera discifera (D) N Thyroptera tricolor X X X Vespertilionidae Myotis albescens X X X Myotis auriculas s Myotis californicus s Myotis cobanensis (E) R Myotis elegans (E) X X X X Myotis fortidens s Myotis keaysi X X X X X Myotis nigricans X X X X Myotis riparius N X Myotis velifer X X s Pipistrellus subflavus X s Eptesicus furinalis X X X X",52454554,62,1993,Internet Archive,annalsofcarnegi621993carn,Smithsonian Libraries and Archives,English,https://www.biodiversitylibrary.org/permissions/,In Copyright. Digitized with the permission of the rights holder
29,Dermanura azteca,Portada Indice Anterior Siguiente Créditos ORDEN FAMILIA ESPECIE NOMBRE COMÚN Pteronotus personatus Mormoops megalophyla Fa mili a Phyllostomidae Macrotus waterhousii Micronycteris megalotis Micronycteris sy Ives tris Anoura geoffroyi Choeroniscus godmani Musonycteris harrisoni Choeronycteris mexicana Hylonycteris minor Glossophaga leachii Glossophaga soricina Leptnonycteris nivalis Leptonycteris yerbabuenae Carollia subrufa Sturnira lilium Sturnira ludovici Uroderma magnirostrum Chiroderma salvini Dermanura azteca Dermanura phaeotis Dermanura tolteca Artibeus hirsutus Artibeus jamaicensis Artibeus lituratus Centurio sen ex Familia Desmodontidae vampiro Desmodus rotundus S D NA NA MX Portada Indice Anterior Siguiente Créditos La biodiversidad en MICHOACÁN Estudio de Estado SUMA CONABIO UMSNH 2,50734895,Anexos (2005),2005,Internet Archive,LabiodiversidadAnexVill,Comisión Nacional para el Conocimiento y Uso de la Biodiversidad (CONABIO),Spanish,https://biodiversitylibrary.org/permissions,In copyright. Digitized with the permission of the rights holder.
30,Dermanura azteca,"OWEN-PHYLOGENETIC ANALYSES OF STENODERMATINAE 47 A. jamaicensis, A. lituratus, and A. toltecus in the form of a chromosomal sex-determining mechanism. Straney et al. (1979) presented electrophoretic analyses of several phyllostomid bats that suggested Artibeus might be polyphyletic. Koop and Baker (1983), analyzing 22 electrophoretic loci, found apparent diphyly in Artibeus, with A. concolor and A. jamaicensis separate from the four small Artibeus species examined in the study. They also noted that A. concolor and A. jamaicensis were separated by relatively large genetic distance. The results of my morphologic analyses strongly indicate that Artibeus, as presently understood, is a polyphyletic assemblage . The large species constitute a natural group, which includes the populations recognized under the names A. inopinatus, A. hirsutus, A. jamaicensis, A. planirostris, A. fraterculus, A. intermedius (and presumably A. lituratus), as well as the Paraguayan taxon referred to in this study as A. fimbriatus. These bats should continue to be referred to under the generic name Artibeus. The second natural group of Artibeus bats includes the species now recognized under the names A. watsoni, A. glaucus, A. toltecus, A. cinereus, A. phaeotis, A. aztecus, and A. anderseni, and possibly also Enchisthenes hartii and A. concolor. The oldest available generic name for this group is Dermanura Gervais 1855, and I recommend this name be applied to these bats at the generic level. Specific names ending in us would be changed to agree: D. glauca, D. tolteca, D. cinerea, and D. azteca. As pointed out above, the relationships of A. ( Enchisthenes ) hartii and A. concolor to the Dermanura bats are yet unclear. Koop and Baker (1983) and Tandler et al. (1986), for instance, noted that A. concolor is unlike the other species of Artibeus used in their studies. The generic validity of Enchisthenes has been in dispute since Andersen (1906) removed if from Artibeus, under which it was originally described. In the interest of stability I follow recent authors (for example, Koopman 1978; Jones and Carter, 1979; Anderson et al., 1982), who have not recognized Enchisthenes at the generic level. Thus, until additional evidence is available, I suggest applying the name Dermanura to both hartii and concolor, as well as the other species listed above. The name combinations for the affected species thus would be Dermanura hartii, Dermanura concolor, Dermanura watsoni, Dermanura glauca, Dermanura tolteca, Dermanura cinerea, Dermanura phaeotis, Dermanura azteca, and Dermanura anderseni. See Appendix V for additional nomenclatorial comments concerning taxa referable to Demanura. Within the reduced genus Artibeus, the question remains of the relationships and possible conspecific status of the South American taxa. My results suggest, but do not confirm, that neither A. planirostris nor A. fraterculus is conspecific with A. jamaicensis, and that A. hirsutus and A. inopinatus are not conspecific, as has been suggested (Honacki et al., 1982). My results strongly indicate that A. fuliginosus is specifically",55010698,26,1987,Internet Archive,phylogeneticana26owen,Museum of Texas Tech University,English,http://biodiversitylibrary.org/permissions,In copyright. Digitized with the permission of the rights holder.
31,Dermanura azteca,"12 Special Publications, Museum of Texas Tech University Artibeus lituratus koopmani Wilson, 1991 Artibeus lituratus palmarum J. A. Allen and Chapman, 1897 Dermanura Gervais, 1856 Dermanura azteca (Andersen, 1906) Po Co Dermanura azteca azteca (Andersen, 1906) Dermanura azteca minor (W. B. Davis, 1969) Dermanura phaeotis Miller, 1902 Po Co-In Dermanura phaeotis nana (Andersen, 1906) Dermanura phaeotis palatina (W. B. Davis, 1970) Dermanura phaeotis phaeotis Miller, 1902 Dermanura tolteca (de Saussure, 1860) Po Co Dermanura tolteca hespera (W. B. Davis, 1969) Dermanura tolteca tolteca (de Saussure, 1860) Dermanura watsoni (Thomas, 1901) Pr Mo Co Enchisthenes Andersen, 1906 Enchisthenes hartii (Thomas, 1892) Pr Mo Co TRIBE STENODERMATINI Gervais, 1856 SUBTRIBE STENODERMATINA Gervais, 1856 CenturioG ray, 1842 Centurio sen ex Gray, 1842 Po Co Centurio senex senex Gray, 1842 SUBTRIBE VAMPYRESSINA R. J. Baker et al., 2003 Chiroderma Peters, 1860 Chiroderma salvini Dobson, 1878 Po Co Chiroderma salvini salvini Dobson, 1878 Chiroderma salvini scopaeum Handley, 1966 Chiroderma villosum Peters, 1860 Po Co Chiroderma villosum jesupi J. A. Allen, 1900 Platyrrhinus de Saussure, 1860 Platyrrhinus helleri (Peters, 1866) Mo Co JJroderma Peters, 1865 Uroderma bilobatum Peters, 1866 Po Co Uroderma bilobatum convexum Lyon, 1902 Uroderma bilobatum davisi R. J. Baker and McDaniel, 1972 Uroderma magnirostrum W. B. Davis, 1968 Mo Co Vampyressa Thomas, 1900 Vampyressa thyone Thomas, 1909 Mo Co Vampyrodes Thomas, 1900 Vampyrodes major G. M. Allen, 1908 Mo Co",55057326,63,2014,Internet Archive,listrecentlandm63rami,Museum of Texas Tech University,English,http://biodiversitylibrary.org/permissions,In copyright. Digitized with the permission of the rights holder.
32,Dermanura azteca,"GONZÁLEZ CHRISTEN ESPECIE Nt Ct Mo P1 Tu Pr Am Pe SUBEAMILIA GLYPHONYCTERINAE Glyphonycteris sylvestris Thomas, 1896 SUBEAMILIA STENODERMATINAE 1 1 1 Stumira lilium (E. Geoffroy St.-Hilaire, 1810) 1 1 1 1 1 Sturnira lilium parvidens Goldman, 1917 Stumira ludovici Anúíony, 1924 1 1 1 1 1 Sturnira ludovici ludovici Anthony, 1 924 Chiroderma salviniT)ohson, 1878 1 1 1 1 1 Chiroderma salvini salvini Dobson, 1878 Chiroderma villosum Peters, 1860 1 1 1 1 Chiroderma villosum jesupi .K. Alien, 1900 Uroderma bilobatum Peters, 1860 1 1 1 Uroderma bilobatum molaris Davis, 1968 Vampyressa thyone Thomas, 1909 1 Vampyrodes caraccioli (Thomas, 1889) 1 Vampyrodes caraccioli major G.M. Alien, 1908 Platyrrhinus helleri (Peters, 1866) Enchisthenes hartii (Thomas, 1892) 1 1 1 1 1 1 Artibeus intermedius .A. Alien 1897 1 Artibeus intermedius intermedius JA. Alien 1 897 Artibeus jamaicensis Leach, 1821 1 1 1 1 1 Artibeus jamaicensis yucatanicus . A. Alien, 1904 Artibeus lituratus (Olfers, 1818) 1 1 1 1 1 Artibeus lituratus palmarum J.A. Alien y Chapman, 1897 Dermanura azteca (Andersen, 1906) 1 1 1 Dermanura azteca azteca (Andersen, 1 906) Dermanura phaeotis Miller, 1902 1 1 1 Dermanura phaeotis phaeotis Miller, 1 902 Dermanura tolteca (de Saussure, 1860) 1 1 1 1 1 Dermanura tolteca tolteca (de Saussure, 1860) Dermanura watsoni (Thomas, 1901) 1 1 1 Centuria senex Cray, 1842 Centurio senex senex Cray, 1 842 EAMILIA MOLOSSIDAE SUBEAMILIA MOLOSSINAE 1 1 1 1 1 Tadarida brasiliensis (E. Geoffroy Saint-Hilaire, 1824) Tadarida brasiliensis mexicana (de Saussure, 1860) 1 1 1 1 1 Nyctinomops laticaudatus (E. Geoffroy Saint-Hilaire, 1805) 1 1 Nyctinomops laticaudatus ferrugineus (Goodwin, 1954) Nyctinomops macrotis (Cray, 1839) Eumops bonariensis (Peters, 1874) Eumops bonariensis nanus (Peters, 1900) Eumops glaucinus 1843) 1 1 1 1 Eumops glaucinus glaucinus (Wagner, 1843) Promops centralis Thomas, 1915 1 1 Promops centralis centralis Thomas, 1915 Molossus rufus (E. Geoffroy Saint-Hilaire, 1805) 1 1 1 1 1 8",50680949,Appendix,2011,Internet Archive,LabiodiversidadAppeCruz,Comisión Nacional para el Conocimiento y Uso de la Biodiversidad (CONABIO),Spanish,https://biodiversitylibrary.org/permissions,In copyright. Digitized with the permission of the rights holder.
33,Dermanura azteca,Portada índice Anterior Siguiente Créditos CLASE ORDEN MAM MALI A CHIROPTERA FAMILIA PHYLLOSTOMIDAE ESPECIE Artibeus intermedius Artibeus jamaicensis Artibeus lituratus Carollia perspicillata Carollia subrufa C entuño sen ex Chiroderma salvini Choeroniscus godmani Choeronycteris mexicana Dermanura azteca Dermanura phaeotis Dermanura tolteca Desmodus rotundus Enchisthenes hartii Glossophaga commissarisi Glossophaga leachii Glossophaga moren oi Glossophaga soricina Hylonycteris underwoodi Leptonycteris curasoae Leptonycteris nivalis Macrotus waterhousü Micronycteris megalotis Musonycteris harrisoni Sturnira lilium Sturnira ludovici Uroderma magnirostrum Corynorhinus mexicanus Corynorhinus townsendii Eptesicus furinalis Eptesicus fuscus Euderma phyllote Lasiurus blossevillii Lasiurus borealis Lasiurus cinereus Lasiurus intermedius Lasiurus xanthinus Myotis auriculacea Myotis californica Myotis carteri Myotis ciliolabrum Myotis fortidens Myotis thysanodes Myotis velifera Myotis yumanensis VESPERTILIONIDAE Antrozous pallidus Portada Indice Anterior Siguiente Créditos 2,50734772,Anexos (2005),2005,Internet Archive,LabiodiversidadAnexVill,Comisión Nacional para el Conocimiento y Uso de la Biodiversidad (CONABIO),Spanish,https://biodiversitylibrary.org/permissions,In copyright. Digitized with the permission of the rights holder.
34,Dermanura azteca,"218 Annals of Carnegie Museum VOL. 62 Eptesicus fuscus, Lasiurus cinereus, Tadarida brasiliensis, and Molossus aztecus. Noticeably unreported from the mountains of northern Central America is Eptesicus brasiliensis, a pronounced hiatus between known localities in Chiapas and Costa Rica (Hall, 1981). The montane species Sturnira mordax is endemic to Costa Rica and western Panama (Olmos and de Sousa, 1989) and not known northward. The name iudovici Anthony, 1924, has been applied to the remaining larger Sturnira of montane Middle America (de la Torre, 1961). We concur with Timm et al. (1989) that these fruit bats will probably prove to represent a composite of species and that true S. Iudovici is an Andean endemic. Consequently, Goodwin's ( 1 940) name S. hondurensis would be available for these bats in northern Central America. Patterns of occurrence at lower elevations for some species reflect a preference for specific climatic conditions. The distributions of Balantiopteryx plicata, Glossophaga leachii, Carollia subrufa, Uroderma magnirostrum, Artibeus inopinatus, and Molossus coibensis in northern Central America are restricted to drier environments associated with the Pacific slope and dry intermontane valleys. The moisture gradient along the Caribbean and Gulf versants identifies the restricted distributions of Centronycteris, Cyttarops, Micronycteris daviesi, M. nicefori, Tonatia bidens, T. evotis, Mimon cozumelae, M. crenulatum, Lonchophylla robusta, Hylonycteris, Carollia castanea, Vampyrodes, Vampyressa nymphaea, V. pusilla, Ectophylla, Dermanura watsoni, Thyroptera discifera, Myotis albescens, M. riparius, Pipistrellus, Bauerus, and Molossus bondae. The bat faunas of the coastal countries of El Salvador (58) and Belize (69) are characterized by species indicative of the dry Pacific coastal region in the former and wet Caribbean lowlands of the latter. The limited montane habitats in El Salvador support additional species such as Sturnira Iudovici, Dermanura azteca, Enchisthenes hartii, and Myotis velifer, which increase species composition. Upland regions in Belize are not as elevated and the known fauna lacks montane species and is limited to Dermanura tolteca, a species of intermediate elevation. The northernmost neotropical localities for Micronycteris nicefori, Phyllostomus hastatas, and Lichonycteris obscura are in southern Belize. Acknowledgments We thank the following personnel for their assistance with loans, hospitality during visits to their collections, and correspondence concerning various inquiries: K. F. Koopman, G. G. Musser, W. Fuchs (AMNH); C. L. Smart (ANSP); P. D. Jenkins (BMNH); D. A. Schlitter, S. B. McLaren (CM); C. A. Woods, L. Wilkins (FLMNH); B. D. Patterson, R. J. Izor (FMNH); R. M. Timm (KU); J. A. and G. Ibarra (MNHNG); T. L. Yates, W. L. Gannon (MSB); J. L. Patton (MVZ); J. L. Eger, W. Hlywka (Royal Ontario Museum); D. J. Schmidly, G. D. Baumgardner, P. Cato (TCWC); R. J. Baker, S. L. Williams, R. D. Owen, J. Arroyo-Cabrales (TTU); J. R. Northern (UCLA); P. Myers, P. K. Tucker (UMMZ); S. Rores (UNAH); S. G. Perez C. (USAC); C. O. Handley, Jr., D. E. Wilson, L. K. Gordon (USNM); J. A. Campbell, J. L. Darling (UTACV); B. J. Hayward (WNMU). Our long-distance correspondence with M. Tranier, Museum National d Histoire Naturelle, Paris; R. Angermann, Museum flir Naturkunde der Humboldt, Berlin; and F. Dieterlen (SMNS) is especially appreciated. F. Dieterlen generously provided the loan of the F. C. Sarg specimens, P. Savoie brought the Belizean Phyllostomus hastatus to our attention. T. R. Howell assisted our historical search for W. B. Richardson s early collecting localities in Nicaragua; M. LeCroy and G. G. Musser kindly allowed us access to the bird and mammal archives at the American Museum; C. Fisher and S. J. Woolfall, Merseyside County Museum, Liverpool, provided critical information for D. Dyson from their files. R. K. LaVal provided information from his past field work. H. Sommer applied his translation skills to the German literature. M. del Mar L. and M. Felix C. kindly edited McCarthy s Spanish abstract. K. F, Koopman, C. J. McCoy, R. M. Timm, and D. E. Wilson reviewed and enhanced our manuscript. P. Brunauer and C. Casto-Gomey patiently typed various versions of this manuscript.",52454556,62,1993,Internet Archive,annalsofcarnegi621993carn,Smithsonian Libraries and Archives,English,https://www.biodiversitylibrary.org/permissions/,In Copyright. Digitized with the permission of the rights holder
35,Dermanura azteca,"JONES ET AI..-BATS OF MEXICO AND CENTRAL AMERICA 15 Systematics. C. t. gorgasi Handley, 1960, is the Panamanian subspecies. Chiroderma villosum Peters, 1860 Distribution. -Eastern Mexico (Hidalgo-Carter and Jones, 1978) southeastward into South America. Systematics. -The Middle American subspecies is C. v. jesupi J. A. Allen, 1900. Dermanura azteca (Andersen, 1906) Distribution .-Disjunct populations at moderate to relatively high elevations in northern and central Mexico (Sinaloa and Tamaulipas southward to Oaxaca), Guatemala and adjacent parts of Chiapas and Honduras, and Costa Rica and western Panama. Systematics. -Three subspecies are recognized, corresponding to the three distributional regions listed aboveD. a. azteca, D. a. minor (Davis, 1969), and D. a. major (Davis, 1969), respectively. Species of the genus Dermanura were considered generically distinct from Artibeus and removed from that genus by Owen (1987), who also listed appropriate binomial and trinomial nomenclature for the species of the genus. Dermanura hartii (Thomas, 1892) Distribution. -Western (Jalisco) and eastern (Tamaulipas) Mexico southeastward into South America. Systematics. D. hartii currently is regarded as a monotypic species. Following Anderson et al. (1982) and others, who placed this species in the genus Artibeus sensu lato), Owen (1987) reluctantly retained hartii in Dermanura. However, it probably is deserving of generic status under the name Enchisthenes. Dermanura phaeotis Miller, 1902 Distribution. -Western (Sinaloa) and eastern (Veracruz) Mexico southeastward into South America. Systematics. -Middle American subspecies include; D. p. nana (Andersen, 1906) (western Mexico from Sinaloa to Oaxaca); D. p. palatina (Davis, 1970) (Pacific versant from Chiapas to Costa Rica); and the nominate race (Caribbean versant from Veracruz to Panama), intergrading with D. p. ravus Miller, 1902, in eastern Panama (Handley, 1987). Also see comment under D. azteca. Dermanura tolteca (Saussure, 1860) Distribution. -Western (Sinaloa, Durango) and eastern (Nuevo Leon, Tamaulipas) Mexico southeastward at low and moderate elevations to Panama and probably adjacent South America. Systematics. -Recognized subspecies include D. t. hespera (Davis, 1969) in the Pacific versant from Sinaloa to Nicaragua,",55063688,120,1988,Internet Archive,revisedchecklis120jone,Museum of Texas Tech University,English,http://biodiversitylibrary.org/permissions,In copyright. Digitized with the permission of the rights holder.
36,Dermanura azteca,"OWEN-PHYLOGENETIC ANALYSES OF STENODERMATINAE 65 Appendix VI-Recommended Generic Classification Recommended generic classification of species of the subfamily Stenodermatinae (taxa are listed alphabetically). This generic classification also is indicated in Fig. 17 by the names to the right of the cladogram. Name combinations are provided here to facilitate subsequent taxonomic work. Ametrida centurio. Ardops nichollsi. Ariteus flavescens. Artibeus jimbriatus, Artibeus fraterculus, Artibeus juliginosus, Artibeus hirsutus, Artibeus inopinatus, Artibeus intermedins, Artibeus jamaicensis, Artibeus lituratus, Artibeus planirostris. Centurio senex. Chiroderma doriae, Chiroderma improvisum, Chiroderma salvini, Chiroderma trinitatum, Chiroderma villosum. Dermanura anderseni, Dermanura azteca, Dermanura cinerea, Dermanura concolor, Dermanura glauca, Dermanura hartii, Dermanura phaeotis, Dermanura tolteca, Dermanura watsoni. Ectophylla alba. Phyllops falcatus, Phyllops haitiensis, Phyllops vetus. Pygoderma bilabiatum. Sphaeronycteris toxophyllum. Stenoderma rujum. Sturnira aratathomasi, Sturnira bidens, Sturnira bogotensis, Sturnira erythromos, Sturnira lilium, Sturnira ludovici, Sturnira luisi, Sturnira magna, Sturnira mordax, Sturnira nana, Sturnira thomasi, Sturnira tildae. Uroderma bilobatum, Uroderma magnirostrum. Vampyressa bidens, Vampyressa brocki, Vampyressa macconnelli, Vampyressa melissa, Vampyressa nymphaea, Vampyressa pusilla. Vampyrodes caraccioli. Vampyrops aurarius, Vampyrops brachycephalus, Vampyrops dorsalis, Vampyrops helleri, Vampyrops infuscus, Vampyrops lineatus, Vampyrops nigellus, Vampyrops recifinus, Vampyrops umbratus, Vampyrops vittatus.",55010680,26,1987,Internet Archive,phylogeneticana26owen,Museum of Texas Tech University,English,http://biodiversitylibrary.org/permissions,In copyright. Digitized with the permission of the rights holder.
37,Dermanura azteca,"LA BIODIVERSIDAD EN AG UASCALI E NTES 166 Cuadro 3.18.1 (continuación) Especie Aprovechamiento Abundancia ALIM PIEL MEDI MASCO CINE RARA PC c A Orden Lagomorpha Familia Leporidae Lepus californicus L. callotis Sylvilagus audubonii S. florídanus Aprovechamiento: ALIM Alimento; PIEL Piel; MEDI Medicinal; MASCO Mascota; CINE Cinegético; Bajo; Medio; Alto. Abundancia: PC Poco común; C Común; A Abundante. Cuadro 3.1 8.2 Especie FRÍA PINA MONI LAU MUE GUA VAG ZSA STEP LLA GAL JGR HUA VEN CAL SAB Didelphis virginiana Cryptotis parva Notiosorex crawfordi Sor ex saussuri Dasypus novemcinctus Balantiopteryx pl icata Mormoops megalophylla Desmodus rotundus Choeronycteris mexicana Giossophaga soricina Leptonycteris curasoae L. nivaiis Artibeus hirsutus Dermanura azteca Sturnira iiiium idionycteris phyiiotis Corynorhinus mexicanus C. townsendii Lasiurus boreaiis L. cine re US Cuadro 3.18.2 Lista de especies de mamíferos y su presencia o ausencia en las regiones ecogeográficas de Aguascalientes. (Fuente: Espinosa, 1981 ; Hall, 1981 ; Proa, 1982; Urbano etal., 1987; De la Riva, 1984, 1989, 1993a, 1993b, 2000a, 2000b, 2006; De la Torre y De la Riva, 2004).",50959835,,2008,Internet Archive,biodiversidaden00Avil,Comisión Nacional para el Conocimiento y Uso de la Biodiversidad (CONABIO),Spanish,https://biodiversitylibrary.org/permissions,In copyright. Digitized with the permission of the rights holder.
38,Dermanura azteca,"1993 McCarthy et al. Central American Bats 217 Table . Continued. Species Gua'' Bz"" ES Hon'' Nic Eptesicus fuscus X X X Lasiurus biosseviliii X X X X X Lasiurus cinereus (D) S Lasiuris ega X X X Lasiurus intermedius X X X S Rhogeessa tumida X X X X X Bauerus dubiaquercus (E) X X X Molossidae Molossops greenhalli X Tadarida brasiliensis X X Nyctinomops laticaudatus X X X X Eumops auripendulus X X X X X Eumops bonariensis X X X Eumops giaucinus X X X Eumops hansae X Eumops underwoodi X X X s Promops centralis X X X Molossus aztecus X X X Molossus bondae N X Molossus coibensis X Molossus molossus X X X X X Molossus pretiosus N Molossus rufus X X X X X Molossus sinaloae X X X X Totals 119 94 69 58 98 88 Tonatia evotis, Choeronycteris mexicana, Myotis velifer, Pipistrelius subflavus, and Lasiurus intermedins are Honduran. Tonatia evotis is a regional endemic, Mormoops megalophylla and Leptonycteris curasoae have disjunct distributions that appear to terminate in Oiancho and the Pacific lowlands of Honduras, but these species also occur in northern South America. The literature for Nicaragua documents 88 species of bats including Cormura brevirostris, Cyttarops alecto, Lonchophylla robusta, Vampyressa macconnelli, V. nymphaea, and Molossus pretiosus, which have not been recorded farther north. While these tropical species occur in Nicaragua, the temperate vespertilionid assemblage listed for Guatemala and Honduras is noticeably absent. Also missing from Nicaragua are bats (e.g., Chiroderma salvini, Dermanura azteca, E. hartii, Eptesicus fuscus, and Lasiurus cinereus) that inhabit higher elevations. This faunal variation reflects the low mountains in northern Nicaragua, which farther south become the lower topographic relief of the Nicaraguan depression. The latter forms a transitional area between the northern Central American block and the remainder of the isthmus. The ranges of Artibeus inopinatus and Eumops underwoodi reach southeastern limits in Nicaragua. The former is a restricted endemic of the Pacific lowlands of El Salvador, Honduras, and Nicaragua. Thyroptera disdfera is known in Central America only from one locality in the Caribbean lowlands of Nicaragua, although it also occurs in northern South America. The occurrence of some species in northern Central America appears to be primarily at elevations above 500 m. These bats include Leptonycteris nivalis, Choeronycteris mexicana, Chiroderma salvini, Dermanura azteca, D. tolteca, Em chisthenes hartii, Myotis auricuius, M. californicus, M. cobanensis, M. velifer,",52454555,62,1993,Internet Archive,annalsofcarnegi621993carn,Smithsonian Libraries and Archives,English,https://www.biodiversitylibrary.org/permissions/,In Copyright. Digitized with the permission of the rights holder
39,Dermanura azteca,"4 Occasional Papers, Museum of Texas Tech University 27. Chrotopterus auritus . 28. Lonchorhina aurita . 29. Macrophyllum macrophyllum 30. Micronycteris microtis . 31. Phyllostomus discolor . 32. Trachops cirrhosus . 33. Carolliaperspicillata . 34. Carollia sowelli . 35. Carollia subrufa . 36. Sturnira lilium . 37. Sturnira ludovici . 3 8. Artibeus inopinatus . 39. Artibeusjamaicensis . 40. Artibeus lituratus . 41. Centurio senex . 42. Chiroderma salvini . 43. Chiroderma villosum . 44. Dermanura azteca . 45. Dermanura phaeotis . 46. Dermanura tolteca . 47. Enchistenes hard . 48. Platyrrhinus helleri . 49. Uroderma bilobatum . 50. Uroderma magnirostrum . Family Mormoophidae 51. Mormoops megalophylla . 52. Pteronotus davyi . 53. Pteronotus gymnonotus . 54. Pteronotus parnellii . 55. Pteronotuspersonatus . Family Noctilionidae 56. Noctilio albiventris . 57. Noctilio leporinus . .Wooly False Vampire Bat .Common Sword-nosed Bat .Long-legged Bat .Common Big-eared Bat .Pale Spear-nosed Bat .Fringe-lipped Bat .Seba s Short-tailed Bat .Sowell s Short-tailed Bat .Gray Short-tailed Bat .Little Yellow-shouldered Bat Highland Yellow-shouldered Bat .Honduran Fruit-eating Bat .Jamaican Fruit-eating Bat .Great Fruit-eating Bat .Wrinkle-faced Bat .Salvin s Big-eyed Bat .Hairy Big-eyed Bat .Aztec Fruit-eating Bat .Pygmy Fruit-eating Bat .Toltec Fruit-eating Bat .Velvety Fruit-eating Bat .Heller s Broad-nosed Bat .Common Tent-making Bat .Brown Tent-making Bat .Peter s Ghost-faced Bat .Davy s Naked-backed Bat .Big Naked-backed Bat .Common Mustached Bat .Wagner s Mustached Bat .Lesser Bulldog Bat .Greater Bulldog Bat",57729994,310,2012,Internet Archive,revisedchecklis310owen,Museum of Texas Tech University,English,http://biodiversitylibrary.org/permissions,In copyright. Digitized with the permission of the rights holder.
40,Dermanura azteca,"This species is limited to habitats above 1,000 m. Known roosting sites are caves and tunnels (Davis et al. 1964), although it seems likely that this bat also will prove to be a tent-constructor as have all the other previously studied small Dermanura (Timm 1987). Food habits are unknown, but the bat is presumed to be frugivorous. Reproductive data are too few to allow speculation on the annual pattern (Wilson 1979). Biology of this species was summarized by Webster and Jones (1982a).",45359301,,,Internet Archive,northamer737519811983unit,Smithsonian Libraries and Archives,English,,Public domain.. The BHL considers that this work is no longer under copyright protection.
41,Dermanura azteca,"GONZÁLEZ CHRISTEN (MA) (MX) (Ve) Orthogeomys lanius (Elliot, 1905) 1 1 Liomys pictus (Thomas, 1 893) 1 Dipodomys phillipsii Cray, 1841 1 Coendou mexicanus (Kerr, 1792) 1 Dasyprocta mexicana de Saussure, 1 860 1 ORDEN CARNIVORA Bassariscus sumichrasti (de Saussure, 1 860) 1 ORDEN SORICOMORPHA Cryptotis mexicana (Coues, 1 877) 1 Cryptotis nelsoni (Merriam, 1895) 1 1 Cryptotis obscura ( ÁQ.vúdim, 1895) 1 Sorex macrodon Merriam, 1895 1 Sorex orizahe A rú m, 1895 1 1 Sorex ver aecrucis 2 xks,orv, 1925 1 ORDEN CHIROPTERA Balantiopteryx io Thomas, 1904 1 Lophostoma hrasiliense Peters, 1 866 1 Glossophaga leachii (Cray, 1 844) 1 Hylonycteris underwoodi Thomas, 1903 1 Carollia sowelli Baker, Solary y Hoffmann, 2002 1 Dermanura azteca (Andersen, 1 906) 1 Dermanura tolteca (de Saussure, 1 860) 1 Corynorhinus mexicanus G. M. Alien, 1916 1 Myotis elegans Hall, 1962 1 Myotis fortidens Miller y G. M. Alien, 1928 1 Natalus lanatus Tejedor, 2005 1 ORDEN PRIMATES Ateles geojfroyiY, 9sA, 1820 1 Total 25 30 5 Endemismo basado en Flores y Gerez (1988, 1994), Ramírez-Pulido etal (2005) Ma Endémico de la región mesoamericana; el significado de los acrónimos es: Mx.Endémico de México; Ve.Endémico con distribución conocida únicamente de Veracruz. 2",50680953,Appendix,2011,Internet Archive,LabiodiversidadAppeCruz,Comisión Nacional para el Conocimiento y Uso de la Biodiversidad (CONABIO),Spanish,https://biodiversitylibrary.org/permissions,In copyright. Digitized with the permission of the rights holder.
42,Dermanura azteca,"This species is limited to habitats above 1,000 m. Known roosting sites are caves and tunnels (Davis et al. 1964), although it seems likely that this bat also will prove to be a tent-constructor as have all the other previously studied small Dermanura (Timm 1987). Food habits are unknown, but the bat is presumed to be frugivorous. Reproductive data are too few to allow speculation on the annual pattern (Wilson 1979). Biology of this species was summarized by Webster and Jones (1982a).",45625180,,,Internet Archive,mammalsoflaselva75timm,"U.S. Department of Agriculture, National Agricultural Library",English,,Not provided. Contact Holding Institution to verify copyright status.
43,Dermanura azteca,"OWEN-PHYLOGENETIC ANALYSES OF STENODERMATINAE 61 Appendix IV-Linnaean Classification Annotated Linnaean classification of the species of the subfamily Stenodermatinae based on Fig. 17. Classification conventions (including sequencing) follow Wiley (1981). This classification disregards the incertae sedis status of a number of taxa in Fig. 17, and is listed here for heuristic and comparative purposes only. For proposed generic classification of the Stenodermatinae, see end of text. Subfamily Stenodermatinae (all taxa sedis mutabilis) Tribe Corvirini Genus Corvira Coruira bidens Corvira nana Tribe Sturnirini Genus Sturnira (all taxa sedis mutabilis) Unnamed subgenus Sturnira luisi Unnamed subgenus Sturnira erythromos Unnamed subgenus Sturnira ludovici Unnamed subgenus Sturnira bogotensis Unnamed subgenus Sturnira thomasi Unnamed subgenus Sturnira magna Unnamed subgenus Sturnira tildae Unnamed subgenus Sturnira mordax Subgenus Sturnira Sturnira lilium Sturnira aratalhomasi Tribe Stenodermatini (all taxa sedis mutabilis) Subtribe Enchistheneini Genus Enchisthenes Enchisthenes hartii Unnamed subtribe Unnamed genus _ concolor Subtribe Dermanurini Genus Dermanura (all taxa sedis mutabilis) Unnamed subgenus Dermanura watsoni Unnamed subgenus Dermanura glauca Subgenus Dermanura (all taxa sedis mutabilis) Unnamed infragenus Dermanura tolteca Infragenus Dermanura Dermanura cinerea Unnamed infragenus (all species sedis mutabilis) Dermanura phaeotis Dermanura azteca Dermanura anderseni",55010684,26,1987,Internet Archive,phylogeneticana26owen,Museum of Texas Tech University,English,http://biodiversitylibrary.org/permissions,In copyright. Digitized with the permission of the rights holder.
44,Dermanura azteca,"52 BULLETIN AMERICAN MUSEUM OF NATURAL HISTORY in desmodontines, Macrophyllum, Mimon crenulatum, Anoura, Leptonycteris, and many stenodermatines (e.g., Ardops, Platyrrhinus). In Rhinophylla fischerae, Artibeus hirsutus, Dermanura azteca, and D. tolteca, distinct fringes are present, whereas other species in these genera lack a fringe. We scored these genera with states 0 and in the matrix. The uropatagium lacks a fringe in mormoopids and WNoctilio, suggesting that this is the primitive condition for phyllostomids. Lim (1993: character 13) used the presence of a fringe on the uropatagium as a character, erecting two states: Edge of uropatagium naked or sparsely and irregularly haired (0); edge of uropatagium densely and evenly haired (1). Only Platyrrhinus and Vampyrodes were scored with the derived condition. In contrast, we found dense and evenly haired fringes in many additional stenodermatine taxa. Character 11: Superciliary vibrissae absent (0); or always present (1). Most phyllostomids lack superciliary ( supraorbital) vibrissae (fig. 17D--E), a group of one or more vibrissae that occurs above each eye in most mammalian groups (Pocock, 1914; Brown, 1971; fig. 17A). However, a single superciliary vibrissa is present above each eye in Desmodus , Diaemus, some phyllostomines (e.g., Micronycteris megalotis, Vampyrum; fig. 17C), and one stenodermatine (Centurio). Taxonomic polymorphism exists in two genera: Lonchorhina (present in L. marinkellei, absent in other species), and Tonatia (present in T. silvicola and T. schulzi, absent in other species). We scored these genera with states O and in the matrix. In one specimen of Chrotopterus (AMNH 267443), the superciliary vibrissae are absent, but these vibrissae are present in all other specimens of Chrotopterus we examined. We consider this an anomaly and score Chrotopterus with state 1 in the matrix. In some taxa (e.g., Micronycteris megalotis, Tonatia silvicola) the superciliary vibrissae are anterior to their position in other species. Rather than directly superior to the eye, they are anterior and superior to it. However, they occur in the same position relative to the other groups of facial vibrissae . We therefore consider these vibrissae to be hoNO. 248 mologous to the superciliary vibrissae of other taxa. Superciliary vibrissae are absent in mormoopids, but present in Noctilio ; accordingly the primitive condition for phyllostomids cannot be reconstructed a priori. Although this character has not been used in previous phylogenetic analyses, there is much evidence to suggest that homologies may be drawn among vibrissal groups, and potentially among individual vibrissae. The locations of various groups of vibrissae on the face is highly conservative among mammals, and presumably homologous groups or individual vibrissae may be identified on the basis of their relative position (Pocock, 1914; Brown, 1971; Wineski, 1985). Many and perhaps all facial vibrissae have individual representations in both the spinal trigeminal nucleus and the somatosensory cortex (Zucker and Welker, 1969; Waite, 1973a, 1973b, Woolsey, 1978), further supporting the idea that homologies may be drawn among individual vibrissae and vibrissal clusters in different taxa, as we do here. Character 12: Genal vibrissae absent (0); or one vibrissa present in each cluster (1); or two genal vibrissae present in each cluster (2). Genal vibrissae occur on the sides of the face ventral and or posterior to the eye (Pocock, 1914; Brown, 1971; fig. 17A). Genal vibrissae are present in most phyllostomids (fig. 17B-C, E). However, these vibrissae are absent in some phyllostomines (e.g., Macrophyllum, Mimon), Platalina, and several glossophagines (e.g., Glossophaga, MonoPhyllus). In most phyllostomids with genal vibrissae, two occur in each cluster. However, Brachyphylla, Erophylla, most glossophagines, some lonchophyllines, and Pygoderma have a single genal vibrissa on each cheek. Taxonomic polymorphism occurs in Lonchorhina (absent in L. fernandezi, two in L. aurita), Lonchophylla (fig. 17D; absent in L. mordax and L. thomasi, two in L. robusta), Anoura (one in A. caudifer and A. cultrata, two in A. geoffroyi), Choeroniscus (absent in C. minor , one in C. periosus), Carollia (absent in C. perspicillata, one in C. subrufa), and Sturnira (absent in S. bidens, one in S. bogotensis, two in other species we examined). We scored these taxa with the appropriate combinations",62769278,248,2000,Internet Archive,phylogenyphyllo248wett,American Museum of Natural History Library,English,http://biodiversitylibrary.org/permissions,In copyright. Digitized with the permission of the rights holder.
45,Dermanura azteca,"158 La biodiversidad en Chiapas Apéndice VIII. 20. Continuación. Taxa Nombre común Nombre local Categoría riesgo Uso local Subfamilia Carollinae Carollia perspicillata murciélago cola corta de Seba murciélago, chinaco, chinaca, vampiro Carollia sowelli murciélago cola corta sedosa murciélago, chinaco, chinaca, vampiro Carollia subrufa murciélago cola corta de Hahn murciélago, chinaco, chinaca, vampiro Subfamilia Stenodermatinae Sturnira lilium murciélago de charreteras menor murciélago, chinaco, chinaca, vampiro Sturnira ludovici murciélago de charreteras mayor murciélago, chinaco, chinaca, vampiro Chiroderma salvini murciélago ojón de Salvini murciélago, chinaco, chinaca, vampiro Chiroderma villosum murciélago ojón áspero murciélago, chinaco, chinaca, vampiro Uroderma bilobatum murciélago acampador obscuro murciélago, chinaco, chinaca, vampiro Platyrrhinus helleri murciélago listado de Heller murciélago, chinaco, chinaca, vampiro Enchisthenes hartii murciélago frutero obscuro murciélago, chinaco, chinaca, vampiro Pr Artibeus intermedius murciélago frutero de Alien murciélago, chinaco, chinaca, vampiro Artibeus jamaicensis murciélago frutero de Jamaica murciélago, chinaco, chinaca, vampiro Artibeus llturatus murciélago frutero gigante murciélago, chinaco, chinaca, vampiro Dermanura azteca murciélago frutero azteca murciélago, chinaco, chinaca, vampiro Dermanura phaeotis murciélago frutero pigmeo murciélago, chinaco, chinaca, vampiro Dermanura tolteca murciélago frutero tolteca murciélago, chinaco, chinaca, vampiro Dermanura watsoni murciélago frutero de Thomas murciélago, chinaco, chinaca, vampiro Pr Centurio senex murciélago cara arrugada murciélago, chinaco, chinaca, vampiro Familia Molossidae Subfamilia Molossinae Eumops glaucinus murciélago con bonete de Wagner murciélago, chinaco, chinaca, vampiro Eumops hansae murciélago con bonete de pigmeo murciélago, chinaco, chinaca, vampiro Eumops underwoodi murciélago con bonete de Underwood murciélago, chinaco, chinaca, vampiro Molossus rufus murciélago mastín negro murciélago, chinaco, chinaca, vampiro",50746615,Apéndices (2013),2013,Internet Archive,biodiversidadenApndCruz,Comisión Nacional para el Conocimiento y Uso de la Biodiversidad (CONABIO),Spanish,https://biodiversitylibrary.org/permissions,In copyright. Digitized with the permission of the rights holder.
46,Dermanura azteca,"La biodiversidad en Michoacán. Estudio de Estado 2. Vol. m Cuadro 1. Especies de mamíferos representadas en la colección de muestras biológicas de fauna silvestre del Centro Multidisciplinario de Estudios en Biotecnología de la umsnh. Familia Especie Nombre común Tipificación molecular con adn mitocondrial Referencia Canidae Urocyon ónereoargenteus Zorra gris No publicado Canis latrans Coyote No publicado Cervidae Odocoileus virginianus Venado cola blanca cytb, RC, COI No publicado Reithrodontomys fulvescens Ratón No publicado Peromyscus perfulvus Ratón COI Mejía-Ángeles 2012 Osgoodomys banderanus Ratón COI Mejía-Ángeles 2012 Cricetidae Liomys pictus Ratón COI Mejía-Ángeles 2012 Oryzomys couesi Ratón COI Mejía-Ángeles 2012 Neotoma sp. Ratón No publicado Sigmodon sp. Ratón No publicado Baiomys musculus Ratón COI Mejía-Ángeles 2012 Daysipodidae Dasypus novemcinctus Armadillo de nueve bandas No publicado Didelphidae Didelphis virginiana Tlacuache 12S No publicado Erethizontidae Sphiggurus mexicanus Puercoespín No publicado Nasua narica Tejón cytb, 12S No publicado Leporidae Sylvilagus sp. Conejo No publicado Le pus callotis Liebre torda cytb No publicado Mephitidae Conepatus mesoleucus Zorrillo No publicado Mephitis macroura Zorrillo No publicado Mustelidae Lontra longicaudis Nutria No publicado Myrmecophagidae Tamandúa mexicana Oso hormiguero No publicado Desmodus rotundus Vampiro común No publicado Uroderma magnirostrum Murciélago No publicado Sturnira lilium Murciélago No publicado Artibeus jamaicensis Murciélago cytb, RC, 12S, COI No publicado A. intermedius Murciélago cytb, RC, 12S Fabila-Blanco 2010 A. lituratus Murciélago Fabila-Blanco 2010 Centurio senex Murciélago No publicado Clossophaga commissarisi Murciélago No publicado Phyllostomidae Sturnira ludovici Murciélago No publicado Dermanura tolteca Murciélago cytb Fabila-Blanco 2010 D. phaeotis Murciélago cytb, 12S Fabila-Blanco 2010 Musonycteris harrisoni Murciélago COI No publicado Clossophaga soricina Murciélago No publicado Pteronotus parnelli Murciélago cytb, RC, 12S No publicado Dermanura azteca Murciélago No publicado Pteronotus davyi Murciélago No publicado Leptonycteris cuarasoae Murciélago No publicado Pteronotus personae Murciélago No publicado 76 DISTRIBUCION GRATUITA. PROHIBIDA SU VENTA",59868676,v.3 (2019),2019,Internet Archive,biodiversidadenv320cruza,Comisión Nacional para el Conocimiento y Uso de la Biodiversidad (CONABIO),Spanish,http://biodiversitylibrary.org/permissions,In copyright. Digitized with the permission of the rights holder.
47,Dermanura azteca,"169 CAPITULO 3. Biodiversidad Cuadro 3.18.3 (continuación) Nombre común Nombre científico Murciélago amarillo Lasiurus ntermedius Murciélago bigotudo de cara plegada Mormoops megalophylla Murciélago de charreteras Sturnira HHum Murciélago de cuatro orejas Idionycteris phyllotis Murciélago guanero Tadarida brasiliensis Murciélago nectarívoro Choeronycteris mexicana Murciélago nectarívoro Leptonycteris curasoae Murciélago nectarívoro Leptonycteris nivalis Murciélago plateado Lasiurus cinereus Murciélago rojizo Lasiurus borealis Murciélago sacóptero Balantiopteryx plicata Murciélago siricoteroQ Glossophaga soricina Murciélago vampiro Desmodus rotundus Murciélago zapotero azteca Dermanura azteca Murciélago zapotero de patas peludas Artibeus hirsutus Murcielaguito Myotis californicus Murcielaguito azteca Myotis thysanodes Murcielaguito de las cuevas Myotis velifera Murcielaguito orejas de muía de Townsend Corynorhinus townsendii Murcielaguito orejas de muía mexicano Corynorhinus mexicanus Murcielaguito pardo Myotis yumanensis Musaraña Cryptotis parva Musaraña Notiosorex crawfordi Musaraña Sor ex saussurei Oncita 0 comadreja Mustela frenata Puma Puma concolor Rata Nelsonia neotomodon Rata canguro Dipodomys ordii Rata canguro Dipodomys spectabilis Rata canguro de Merriam Dipodomys merriami Rata canguro de Phillips Dipodomys phillipsii Rata del algodón Sigmodon hispidos Rata magueyera Neotoma leucodon Rata magueyera mexicana Neotoma mexicana Ratón bolsudo de Nelson Chaetodipus nelsoni Ratón bolsudo híspido Chaetodipus hispidos Ratón bolsudo penicilado Chaetodipus eremicus Ratón bolsudo sedoso Perognathus flavos Ratón de las cosechas Reithrodontomys fulvescens Ratón de las cosechas Reithrodontomys megalotis Ratón de las cosechas Reithrodontomys zacatecas Ratón de patas blancas Peromyscus boyiii Ratón de patas blancas Peromyscus difficilis Ratón de patas blancas Peromyscus maniculatus Ratón de patas blancas Peromyscus melanophrys Ratón de patas blancas Peromyscus melanotis Ratón de patas blancas Peromyscus pectoralis Ratón de patas blancas Peromyscus gratos Ratón del algodón Sigmodon fulviventer Ratón del algodón Sigmodon leucotis Ratón híspido mexicano Liomys irroratus Ratón insectívoro Onychomys arenicola Ratón pigmeo Baiomys taylori Cuadro 3.18.3 (continuación) Nombre común Nombre científico Tejón 0 tlalcoyote Taxidea taxus Tlacuache o zarigüeya Didelphis virginiana Tuza Thomomys umbrinus Venado cola blanca Odocoileus virginianus Zorra gris Urocyon cinereoargenteus Zorrillo listado Mephitis macroura Zorrillo pigmeo Spilogale gracilis Zorrillo trompa de cerdo Conepatus leuconotus Mesa Montero Es una zona que se presenta en la parte oeste del Estado, entre las Sierras Fría, El Piñal, Sierra del Laurel y El Valle de Aguascal lentes. La vegetación es un pastizal con algunas áreas de encinares. Los mamíferos de la localidad son: coyote, venado cola blanca, ardillón, ratones de patas blancas, zorrillos, liebre de cola negra y zorra gris (Proa, 1 982; De la Riva et al., 2000b). Serranía Juan El Grande Es una serranía localizada en El Llano, frente al poblado de Palo Alto. La vegetación presente es encinares en la parte alta y matorral crasicaule en la zona baja y los mamíferos de la zona son: diversas especies de ratas canguro, varias especies de ratones de patas blancas, conejo cola blanca y liebre cola negra (Proa, 1 982). Serranía de Tepezalá Se localiza en la porción noreste del Estado. Se caracteriza por presentar una vegetación de matorral crasicaule, pastizal y encinares en las partes altas. Los mamíferos presentes en la zona son: coyote, zorrillos, conejo de cola blanca, liebre cola negra, diversas especies de ratones de abazones, ratones de patas blancas, rata magueyera, ardillas (figura 3.18.3), ardillones. De la Riva (1989) realizó un estudio de mamíferos con algunas colectas en la cercanía de esta sierra, sin embargo, creemos que es necesario estudiarla mejor. Sierra de Guajolotes Se localiza en la parte noroeste de la ciudad de Aguascalientes; es una sierra con topografía accidentada y una vegetación representada por bosque de encino en sus partes altas y chaparral de encino y manzanita en las partes bajas. Se tiene poca o nula información sobre las especies de mamíferos que se presentan en esta sierra. Es necesario que los próximos estudios sobre mamíferos estén enfocados a esta zona con el fin de conocer su mastofauna representativa. Valle de Huejúcar Es el valle por donde se desplaza la carretera 70 y es donde está asentada la ciudad de Calvillo. Se caracteriza por ser una zona donde predominan los cultivos de guayaba y en las áreas naturales la vegetación es matorral subtropical. La zona está habitada por diferentes especies de mamíferos como: coyote, ardillón, liebre cola negra, conejo cola blanca, tlacuache, diversas especies de ratones de bolsas, murciélago vampiro.",50959838,,2008,Internet Archive,biodiversidaden00Avil,Comisión Nacional para el Conocimiento y Uso de la Biodiversidad (CONABIO),Spanish,https://biodiversitylibrary.org/permissions,In copyright. Digitized with the permission of the rights holder.
